{
  "schema_version": 1,
  "final_metrics": {
    "run_id": "sn60-challenge-20260721T085726Z-109044-pr-170",
    "promotion_ready": true,
    "promotion_reason": "candidate beat the current SN60 king",
    "validator_replica_count": 1,
    "runs_per_project": 3,
    "project_pass_threshold": "2_of_3",
    "king_sn60_pass_score": 0.0,
    "candidate_sn60_pass_score": 0.14285714285714285,
    "candidate_sn60_pass_score_delta": 0.14285714285714285,
    "king_detection_score": 0.058823529411764705,
    "candidate_detection_score": 0.08823529411764706,
    "king_aggregated_score": 0.058823529411764705,
    "candidate_aggregated_score": 0.08823529411764706,
    "candidate_aggregated_score_delta": 0.02941176470588236,
    "king_true_positives": 2,
    "candidate_true_positives": 3,
    "king_total_expected": 34,
    "candidate_total_expected": 34,
    "king_total_found": 47,
    "candidate_total_found": 70,
    "king_precision": 0.0425531914893617,
    "candidate_precision": 0.04285714285714286,
    "king_f1_score": 0.04938271604938272,
    "candidate_f1_score": 0.057692307692307696,
    "king_invalid_runs": 2,
    "candidate_invalid_runs": 3,
    "sandbox_commit": "069ae1e2f152370fa97f3397d8a8f8aed5a78539",
    "benchmark_sha256": "2b0c8b0251d92c36ca341be7168bf1e5660d2ea8da99f99298cae3e3dcdf4855",
    "scorer_version": "ScaBenchScorerV2"
  },
  "local_replica_scores": {
    "king": [
      0.0,
      0.0,
      0.5,
      0.0,
      0.0,
      0.0,
      0.0,
      0.0,
      0.0,
      0.0,
      0.0,
      0.0,
      0.0,
      0.0,
      0.0,
      0.16666666666666666,
      0.16666666666666666,
      0.16666666666666666,
      0.0,
      0.0,
      0.0
    ],
    "candidate": [
      0.5,
      0.0,
      0.5,
      0.0,
      0.0,
      0.0,
      0.1111111111111111,
      0.0,
      0.0,
      0.0,
      0.0,
      0.0,
      0.0,
      0.0,
      0.0,
      0.0,
      0.0,
      0.0,
      1.0,
      1.0,
      0.0
    ]
  },
  "pass_counts": {
    "king": 0,
    "candidate": 1
  },
  "true_positives": {
    "king": 2,
    "candidate": 3
  },
  "invalid_runs": {
    "king": 2,
    "candidate": 3
  },
  "final_winner": "candidate",
  "recorded_at": "2026-07-21T11:17:44.903356+00:00"
}
