{
  "schema_version": 1,
  "final_metrics": {
    "run_id": "sn60-challenge-20260723T011604Z-f6f88c-pr-195",
    "promotion_ready": false,
    "promotion_reason": "candidate did not beat the current SN60 king",
    "validator_replica_count": 1,
    "runs_per_project": 3,
    "project_pass_threshold": "2_of_3",
    "king_sn60_pass_score": 0.14285714285714285,
    "candidate_sn60_pass_score": 0.14285714285714285,
    "candidate_sn60_pass_score_delta": 0.0,
    "king_detection_score": 0.16,
    "candidate_detection_score": 0.16,
    "king_aggregated_score": 0.16,
    "candidate_aggregated_score": 0.16,
    "candidate_aggregated_score_delta": 0.0,
    "king_true_positives": 4,
    "candidate_true_positives": 4,
    "king_total_expected": 25,
    "candidate_total_expected": 25,
    "king_total_found": 6,
    "candidate_total_found": 6,
    "king_precision": 0.6666666666666666,
    "candidate_precision": 0.6666666666666666,
    "king_f1_score": 0.25806451612903225,
    "candidate_f1_score": 0.25806451612903225,
    "king_invalid_runs": 1,
    "candidate_invalid_runs": 1,
    "sandbox_commit": "069ae1e2f152370fa97f3397d8a8f8aed5a78539",
    "benchmark_sha256": "2b0c8b0251d92c36ca341be7168bf1e5660d2ea8da99f99298cae3e3dcdf4855",
    "scorer_version": "ScaBenchScorerV2"
  },
  "local_replica_scores": {
    "king": [
      0.0,
      0.0,
      0.0,
      0.0,
      0.0,
      0.0,
      0.3333333333333333,
      0.3333333333333333,
      0.3333333333333333,
      1.0,
      1.0,
      1.0,
      0.0,
      0.0,
      0.0,
      0.0,
      0.0,
      0.0,
      0.2857142857142857,
      0.2857142857142857,
      0.14285714285714285
    ],
    "candidate": [
      0.0,
      0.0,
      0.0,
      0.0,
      0.0,
      0.0,
      0.3333333333333333,
      0.3333333333333333,
      0.3333333333333333,
      1.0,
      1.0,
      1.0,
      0.0,
      0.0,
      0.0,
      0.0,
      0.0,
      0.0,
      0.2857142857142857,
      0.2857142857142857,
      0.2857142857142857
    ]
  },
  "pass_counts": {
    "king": 1,
    "candidate": 1
  },
  "true_positives": {
    "king": 4,
    "candidate": 4
  },
  "invalid_runs": {
    "king": 1,
    "candidate": 1
  },
  "final_winner": "king",
  "recorded_at": "2026-07-23T01:24:36.689029+00:00"
}
