{
  "schema_version": 1,
  "final_metrics": {
    "run_id": "sn60-challenge-20260720T130617Z-d91cd3-pr-162",
    "promotion_ready": true,
    "promotion_reason": "candidate beat the current SN60 king",
    "validator_replica_count": 1,
    "runs_per_project": 3,
    "project_pass_threshold": "2_of_3",
    "king_sn60_pass_score": 0.14285714285714285,
    "candidate_sn60_pass_score": 0.2857142857142857,
    "candidate_sn60_pass_score_delta": 0.14285714285714285,
    "king_detection_score": 0.1875,
    "candidate_detection_score": 0.3125,
    "king_aggregated_score": 0.1875,
    "candidate_aggregated_score": 0.3125,
    "candidate_aggregated_score_delta": 0.125,
    "king_true_positives": 3,
    "candidate_true_positives": 5,
    "king_total_expected": 16,
    "candidate_total_expected": 16,
    "king_total_found": 28,
    "candidate_total_found": 86,
    "king_precision": 0.10714285714285714,
    "candidate_precision": 0.05813953488372093,
    "king_f1_score": 0.13636363636363635,
    "candidate_f1_score": 0.09803921568627452,
    "king_invalid_runs": 0,
    "candidate_invalid_runs": 0,
    "sandbox_commit": "069ae1e2f152370fa97f3397d8a8f8aed5a78539",
    "benchmark_sha256": "2b0c8b0251d92c36ca341be7168bf1e5660d2ea8da99f99298cae3e3dcdf4855",
    "scorer_version": "ScaBenchScorerV2"
  },
  "local_replica_scores": {
    "king": [
      0.5,
      0.0,
      0.0,
      0.0,
      0.0,
      0.0,
      0.0,
      0.0,
      0.0,
      0.25,
      0.25,
      0.25,
      0.0,
      0.0,
      0.0,
      1.0,
      1.0,
      1.0,
      0.0,
      0.0,
      0.0
    ],
    "candidate": [
      0.0,
      0.0,
      0.5,
      0.0,
      0.0,
      0.0,
      0.0,
      0.2,
      0.0,
      0.25,
      0.0,
      0.25,
      0.0,
      0.0,
      0.0,
      0.0,
      1.0,
      1.0,
      1.0,
      1.0,
      0.0
    ]
  },
  "pass_counts": {
    "king": 1,
    "candidate": 2
  },
  "true_positives": {
    "king": 3,
    "candidate": 5
  },
  "invalid_runs": {
    "king": 0,
    "candidate": 0
  },
  "final_winner": "candidate",
  "recorded_at": "2026-07-20T14:45:29.902200+00:00"
}
